Title,Company,Salary,City,State,Link
"Fullstack Python разработчик: Django, bootstrap, SQL, контроль доступа",NFWare,0,Казань,Россия,https://hh.ru/vacancy/50821143?from=vacancy_search_list&hhtmFrom=vacancy_search_list&query=python
"Junior Backend разработчик (Python, Django, GraphQL)",ООО Синергия,30000,Волгоград,Россия,https://hh.ru/vacancy/51782920?from=vacancy_search_list&hhtmFrom=vacancy_search_list&query=python
"Fullstack разработчик (Python, Django)",MacBuildServer,0,Самара,Россия,https://hh.ru/vacancy/51828303?from=vacancy_search_list&hhtmFrom=vacancy_search_list&query=python
Senior/Middle Django Developer,Частная компания Uvu International Ltd,900000,Алматы,Казахстан,https://hh.ru/vacancy/52110795?from=vacancy_search_list&hhtmFrom=vacancy_search_list&query=python
Разработчик Python/Django Middle,ТОО DN Capital Advisors,400000,Алматы,Казахстан,https://hh.ru/vacancy/51769492?from=vacancy_search_list&hhtmFrom=vacancy_search_list&query=python
Python backend разработчик (Django),AdCombo.com,0,Москва,Россия,https://hh.ru/vacancy/49649299?from=vacancy_search_list&hhtmFrom=vacancy_search_list&query=python
"Fullstack Python разработчик: Django, bootstrap, SQL, контроль доступа",NFWare,0,Москва,Россия,https://hh.ru/vacancy/50815706?from=vacancy_search_list&hhtmFrom=vacancy_search_list&query=python
"Senior Developer (pyhton, django)",ООО Фин Дизайн,4000,Санкт-Петербург,Россия,https://hh.ru/vacancy/51523062?from=vacancy_search_list&hhtmFrom=vacancy_search_list&query=python
Python - разработчик (Django),ЛитРес,0,Москва,Россия,https://hh.ru/vacancy/50099536?from=vacancy_search_list&hhtmFrom=vacancy_search_list&query=python
Senior/Middle Django Developer,Частная компания Uvu International Ltd,900000,Нур-Султан,Казахстан,https://hh.ru/vacancy/52110794?from=vacancy_search_list&hhtmFrom=vacancy_search_list&query=python
Разработчик Python (Django),ООО Совкомбанк Технологии,0,Пермь,Россия,https://hh.ru/vacancy/52233747?from=vacancy_search_list&hhtmFrom=vacancy_search_list&query=python
Ведущий разработчик Python (Django),Лига Цифровой Экономики,0,Москва,Россия,https://hh.ru/vacancy/52254921?from=vacancy_search_list&hhtmFrom=vacancy_search_list&query=python
Backend разработчик Python (Django),ООО СпецСитиСтрой,130000,Москва,Россия,https://hh.ru/vacancy/52249147?from=vacancy_search_list&hhtmFrom=vacancy_search_list&query=python
Python developer (Django),ООО СкайДНС,100000,Екатеринбург,Россия,https://hh.ru/vacancy/52163316?from=vacancy_search_list&hhtmFrom=vacancy_search_list&query=python
Django разработчик,Целищева Светлана Юрьевна,100000,Москва,Россия,https://hh.ru/vacancy/51669079?from=vacancy_search_list&hhtmFrom=vacancy_search_list&query=python
Python / Django developer,Trident Software,0,Киев,Украина,https://hh.ru/vacancy/51207774?from=vacancy_search_list&hhtmFrom=vacancy_search_list&query=python
Backend разработчик Python (Django),ООО Максконсалт,0,Москва,Россия,https://hh.ru/vacancy/52194712?from=vacancy_search_list&hhtmFrom=vacancy_search_list&query=python
Python разработчик (Django),ИП Шпак Виктория Сергеевна,130000,Санкт-Петербург,Россия,https://hh.ru/vacancy/50975759?from=vacancy_search_list&hhtmFrom=vacancy_search_list&query=python
Backend разработчик Python(Django),"ТОО EUROPHARMA, ТМ (ТОО AK NIET GROUP)",1000,Алматы,Казахстан,https://hh.ru/vacancy/52244587?from=vacancy_search_list&hhtmFrom=vacancy_search_list&query=python
Backend разработчик Python(Django),"ТОО EUROPHARMA, ТМ (ТОО AK NIET GROUP)",1000,Алматы,Казахстан,https://hh.ru/vacancy/52244587?from=vacancy_search_list&hhtmFrom=vacancy_search_list&query=python
Middle+ разработчик Python / Django (удалённо),Coin32,120000,Москва,Россия,https://hh.ru/vacancy/52149179?from=vacancy_search_list&hhtmFrom=vacancy_search_list&query=python
Программист Python django,Production IT,160000,Москва,Россия,https://hh.ru/vacancy/52109480?from=vacancy_search_list&hhtmFrom=vacancy_search_list&query=python
Senior Python developer (python3.8. + django),TopsWeTeam,250000,Москва,Россия,https://hh.ru/vacancy/51093436?from=vacancy_search_list&hhtmFrom=vacancy_search_list&query=python
Python разработчик (Django),HuskyJam,0,Москва,Россия,https://hh.ru/vacancy/51205321?from=vacancy_search_list&hhtmFrom=vacancy_search_list&query=python
Backend разработчик на Python / Django,ООО Практика,2000,Москва,Россия,https://hh.ru/vacancy/51727271?from=vacancy_search_list&hhtmFrom=vacancy_search_list&query=python
Python (Django) Backend developer,evrone.ru,350000,Москва,Россия,https://hh.ru/vacancy/49139962?from=vacancy_search_list&hhtmFrom=vacancy_search_list&query=python
Программист / Разработчик Python/Django (middle),CATAPULTO.RU,170000,Москва,Россия,https://hh.ru/vacancy/52319246?from=vacancy_search_list&hhtmFrom=vacancy_search_list&query=python
Разработчик Python/Django,ООО ДЖАСТ ВОРК,90000,Казань,Россия,https://hh.ru/vacancy/52243296?from=vacancy_search_list&hhtmFrom=vacancy_search_list&query=python
"Разработчик-Python (Django, DRF)",ООО Фабрика Решений,170000,Москва,Россия,https://hh.ru/vacancy/50832752?from=vacancy_search_list&hhtmFrom=vacancy_search_list&query=python
Разработчик Python (Django),ООО СофтМедиаЛаб,260000,Санкт-Петербург,Россия,https://hh.ru/vacancy/51858055?from=vacancy_search_list&hhtmFrom=vacancy_search_list&query=python
Python программист (Django),Stik,30000,Санкт-Петербург,Россия,https://hh.ru/vacancy/51964087?from=vacancy_search_list&hhtmFrom=vacancy_search_list&query=python
"Python-разработчик (Django, DRF)",ООО Фабрика Решений,60000,Москва,Россия,https://hh.ru/vacancy/39736489?from=vacancy_search_list&hhtmFrom=vacancy_search_list&query=python
Junior разработчик Python Django,ООО Инсейлс Рус,40000,Москва,Россия,https://hh.ru/vacancy/52203762?from=vacancy_search_list&hhtmFrom=vacancy_search_list&query=python
Django Engineer (human) for Germany's leading local marketing platform,RegioHelden GmbH,0,Штутгарт,Германия,https://stackoverflow.com/jobs/565651/
Lead/Senior Software Engineer (Python/Django),Sector Labs,0,Дубай,Объединённые Арабские Эмираты,https://stackoverflow.com/jobs/551454/
Software Architect Experience (Python / Typescript / Django / React / GraphQL),OpenUnited,0,nyanduma_chief_office,Кения,https://stackoverflow.com/jobs/566375/
Django Engineer (human) for Germany's leading local marketing platform,RegioHelden GmbH,0,Штутгарт,Германия,https://stackoverflow.com/jobs/565651/
Lead/Senior Software Engineer (Python/Django),Sector Labs,0,Дубай,Объединённые Арабские Эмираты,https://stackoverflow.com/jobs/551454/
Software Architect Experience (Python / Typescript / Django / React / GraphQL),OpenUnited,0,nyanduma_chief_office,Кения,https://stackoverflow.com/jobs/566375/
